user_id:ID,name,:LABEL
U0001,U0001,User
U0002,U0002,User
U0003,U0003,User
U0004,U0004,User
U0005,U0005,User
U0006,U0006,User
U0007,U0007,User
U0008,U0008,User
U0009,U0009,User
U0010,U0010,User
U0011,U0011,User
U0012,U0012,User
U0013,U0013,User
U0014,U0014,User
U0015,U0015,User
U0016,U0016,User
U0017,U0017,User
U0018,U0018,User
U0019,U0019,User
U0020,U0020,User
U0021,U0021,User
U0022,U0022,User
U0023,U0023,User
U0024,U0024,User
U0025,U0025,User
U0026,U0026,User
U0027,U0027,User
U0028,U0028,User
U0029,U0029,User
U0030,U0030,User
U0031,U0031,User
U0032,U0032,User
U0033,U0033,User
U0034,U0034,User
U0035,U0035,User
U0036,U0036,User
U0037,U0037,User
U0038,U0038,User
U0039,U0039,User
U0040,U0040,User
U0041,U0041,User
U0042,U0042,User
U0043,U0043,User
U0044,U0044,User
U0045,U0045,User
U0046,U0046,User
U0047,U0047,User
U0048,U0048,User
U0049,U0049,User
U0050,U0050,User
U0051,U0051,User
U0052,U0052,User
U0053,U0053,User
U0054,U0054,User
U0055,U0055,User
U0056,U0056,User
U0057,U0057,User
U0058,U0058,User
U0059,U0059,User
U0060,U0060,User
U0061,U0061,User
U0062,U0062,User
U0063,U0063,User
U0064,U0064,User
U0065,U0065,User
U0066,U0066,User
U0067,U0067,User
U0068,U0068,User
U0069,U0069,User
U0070,U0070,User
U0071,U0071,User
U0072,U0072,User
U0073,U0073,User
U0074,U0074,User
U0075,U0075,User
U0076,U0076,User
U0077,U0077,User
U0078,U0078,User
U0079,U0079,User
U0080,U0080,User
U0081,U0081,User
U0082,U0082,User
U0083,U0083,User
U0084,U0084,User
U0085,U0085,User
U0086,U0086,User
U0087,U0087,User
U0088,U0088,User
U0089,U0089,User
U0090,U0090,User
U0091,U0091,User
U0092,U0092,User
U0093,U0093,User
U0094,U0094,User
U0095,U0095,User
U0096,U0096,User
U0097,U0097,User
U0098,U0098,User
U0099,U0099,User
U0100,U0100,User
U0101,U0101,User
U0102,U0102,User
U0103,U0103,User
U0104,U0104,User
U0105,U0105,User
U0106,U0106,User
U0107,U0107,User
U0108,U0108,User
U0109,U0109,User
U0110,U0110,User
U0111,U0111,User
U0112,U0112,User
U0113,U0113,User
U0114,U0114,User
U0115,U0115,User
U0116,U0116,User
U0117,U0117,User
U0118,U0118,User
U0119,U0119,User
U0120,U0120,User
U0121,U0121,User
U0122,U0122,User
U0123,U0123,User
U0124,U0124,User
U0125,U0125,User
U0126,U0126,User
U0127,U0127,User
U0128,U0128,User
U0129,U0129,User
U0130,U0130,User
U0131,U0131,User
U0132,U0132,User
U0133,U0133,User
U0134,U0134,User
U0135,U0135,User
U0136,U0136,User
U0137,U0137,User
U0138,U0138,User
U0139,U0139,User
U0140,U0140,User
U0141,U0141,User
U0142,U0142,User
U0143,U0143,User
U0144,U0144,User
U0145,U0145,User
U0146,U0146,User
U0147,U0147,User
U0148,U0148,User
U0149,U0149,User
U0150,U0150,User
U0151,U0151,User
U0152,U0152,User
U0153,U0153,User
U0154,U0154,User
U0155,U0155,User
U0156,U0156,User
U0157,U0157,User
U0158,U0158,User
U0159,U0159,User
U0160,U0160,User
U0161,U0161,User
U0162,U0162,User
U0163,U0163,User
U0164,U0164,User
U0165,U0165,User
U0166,U0166,User
U0167,U0167,User
U0168,U0168,User
U0169,U0169,User
U0170,U0170,User
U0171,U0171,User
U0172,U0172,User
U0173,U0173,User
U0174,U0174,User
U0175,U0175,User
U0176,U0176,User
U0177,U0177,User
U0178,U0178,User
U0179,U0179,User
U0180,U0180,User
U0181,U0181,User
U0182,U0182,User
U0183,U0183,User
U0184,U0184,User
U0185,U0185,User
U0186,U0186,User
U0187,U0187,User
U0188,U0188,User
U0189,U0189,User
U0190,U0190,User
U0191,U0191,User
U0192,U0192,User
U0193,U0193,User
U0194,U0194,User
U0195,U0195,User
U0196,U0196,User
U0197,U0197,User
U0198,U0198,User
U0199,U0199,User
U0200,U0200,User
U0201,U0201,User
U0202,U0202,User
U0203,U0203,User
U0204,U0204,User
U0205,U0205,User
U0206,U0206,User
U0207,U0207,User
U0208,U0208,User
U0209,U0209,User
U0210,U0210,User
U0211,U0211,User
U0212,U0212,User
U0213,U0213,User
U0214,U0214,User
U0215,U0215,User
U0216,U0216,User
U0217,U0217,User
U0218,U0218,User
U0219,U0219,User
U0220,U0220,User
U0221,U0221,User
U0222,U0222,User
U0223,U0223,User
U0224,U0224,User
U0225,U0225,User
U0226,U0226,User
U0227,U0227,User
U0228,U0228,User
U0229,U0229,User
U0230,U0230,User
U0231,U0231,User
U0232,U0232,User
U0233,U0233,User
U0234,U0234,User
U0235,U0235,User
U0236,U0236,User
U0237,U0237,User
U0238,U0238,User
U0239,U0239,User
U0240,U0240,User
U0241,U0241,User
U0242,U0242,User
U0243,U0243,User
U0244,U0244,User
U0245,U0245,User
U0246,U0246,User
U0247,U0247,User
U0248,U0248,User
U0249,U0249,User
U0250,U0250,User
U0251,U0251,User
U0252,U0252,User
U0253,U0253,User
U0254,U0254,User
U0255,U0255,User
U0256,U0256,User
U0257,U0257,User
U0258,U0258,User
U0259,U0259,User
U0260,U0260,User
U0261,U0261,User
U0262,U0262,User
U0263,U0263,User
U0264,U0264,User
U0265,U0265,User
U0266,U0266,User
U0267,U0267,User
U0268,U0268,User
U0269,U0269,User
U0270,U0270,User
U0271,U0271,User
U0272,U0272,User
U0273,U0273,User
U0274,U0274,User
U0275,U0275,User
U0276,U0276,User
U0277,U0277,User
U0278,U0278,User
U0279,U0279,User
U0280,U0280,User
U0281,U0281,User
U0282,U0282,User
U0283,U0283,User
U0284,U0284,User
U0285,U0285,User
U0286,U0286,User
U0287,U0287,User
U0288,U0288,User
U0289,U0289,User
U0290,U0290,User
U0291,U0291,User
U0292,U0292,User
U0293,U0293,User
U0294,U0294,User
U0295,U0295,User
U0296,U0296,User
U0297,U0297,User
U0298,U0298,User
U0299,U0299,User
U0300,U0300,User
U0301,U0301,User
U0302,U0302,User
U0303,U0303,User
U0304,U0304,User
U0305,U0305,User
U0306,U0306,User
U0307,U0307,User
U0308,U0308,User
U0309,U0309,User
U0310,U0310,User
U0311,U0311,User
U0312,U0312,User
U0313,U0313,User
U0314,U0314,User
U0315,U0315,User
U0316,U0316,User
U0317,U0317,User
U0318,U0318,User
U0319,U0319,User
U0320,U0320,User
U0321,U0321,User
U0322,U0322,User
U0323,U0323,User
U0324,U0324,User
U0325,U0325,User
U0326,U0326,User
U0327,U0327,User
U0328,U0328,User
U0329,U0329,User
U0330,U0330,User
U0331,U0331,User
U0332,U0332,User
U0333,U0333,User
U0334,U0334,User
U0335,U0335,User
U0336,U0336,User
U0337,U0337,User
U0338,U0338,User
U0339,U0339,User
U0340,U0340,User
U0341,U0341,User
U0342,U0342,User
U0343,U0343,User
U0344,U0344,User
U0345,U0345,User
U0346,U0346,User
U0347,U0347,User
U0348,U0348,User
U0349,U0349,User
U0350,U0350,User
U0351,U0351,User
U0352,U0352,User
U0353,U0353,User
U0354,U0354,User
U0355,U0355,User
U0356,U0356,User
U0357,U0357,User
U0358,U0358,User
U0359,U0359,User
U0360,U0360,User
U0361,U0361,User
U0362,U0362,User
U0363,U0363,User
U0364,U0364,User
U0365,U0365,User
U0366,U0366,User
U0367,U0367,User
U0368,U0368,User
U0369,U0369,User
U0370,U0370,User
U0371,U0371,User
U0372,U0372,User
U0373,U0373,User
U0374,U0374,User
U0375,U0375,User
U0376,U0376,User
U0377,U0377,User
U0378,U0378,User
U0379,U0379,User
U0380,U0380,User
U0381,U0381,User
U0382,U0382,User
U0383,U0383,User
U0384,U0384,User
U0385,U0385,User
U0386,U0386,User
U0387,U0387,User
U0388,U0388,User
U0389,U0389,User
U0390,U0390,User
U0391,U0391,User
U0392,U0392,User
U0393,U0393,User
U0394,U0394,User
U0395,U0395,User
U0396,U0396,User
U0397,U0397,User
U0398,U0398,User
U0399,U0399,User
U0400,U0400,User
U0401,U0401,User
U0402,U0402,User
U0403,U0403,User
U0404,U0404,User
U0405,U0405,User
U0406,U0406,User
U0407,U0407,User
U0408,U0408,User
U0409,U0409,User
U0410,U0410,User
U0411,U0411,User
U0412,U0412,User
U0413,U0413,User
U0414,U0414,User
U0415,U0415,User
U0416,U0416,User
U0417,U0417,User
U0418,U0418,User
U0419,U0419,User
U0420,U0420,User
U0421,U0421,User
U0422,U0422,User
U0423,U0423,User
U0424,U0424,User
U0425,U0425,User
U0426,U0426,User
U0427,U0427,User
U0428,U0428,User
U0429,U0429,User
U0430,U0430,User
U0431,U0431,User
U0432,U0432,User
U0433,U0433,User
U0434,U0434,User
U0435,U0435,User
U0436,U0436,User
U0437,U0437,User
U0438,U0438,User
U0439,U0439,User
U0440,U0440,User
U0441,U0441,User
U0442,U0442,User
U0443,U0443,User
U0444,U0444,User
U0445,U0445,User
U0446,U0446,User
U0447,U0447,User
U0448,U0448,User
U0449,U0449,User
U0450,U0450,User
U0451,U0451,User
U0452,U0452,User
U0453,U0453,User
U0454,U0454,User
U0455,U0455,User
U0456,U0456,User
U0457,U0457,User
U0458,U0458,User
U0459,U0459,User
U0460,U0460,User
U0461,U0461,User
U0462,U0462,User
U0463,U0463,User
U0464,U0464,User
U0465,U0465,User
U0466,U0466,User
U0467,U0467,User
U0468,U0468,User
U0469,U0469,User
U0470,U0470,User
U0471,U0471,User
U0472,U0472,User
U0473,U0473,User
U0474,U0474,User
U0475,U0475,User
U0476,U0476,User
U0477,U0477,User
U0478,U0478,User
U0479,U0479,User
U0480,U0480,User
U0481,U0481,User
U0482,U0482,User
U0483,U0483,User
U0484,U0484,User
U0485,U0485,User
U0486,U0486,User
U0487,U0487,User
U0488,U0488,User
U0489,U0489,User
U0490,U0490,User
U0491,U0491,User
U0492,U0492,User
U0493,U0493,User
U0494,U0494,User
U0495,U0495,User
U0496,U0496,User
U0497,U0497,User
U0498,U0498,User
U0499,U0499,User
U0500,U0500,User
